﻿web-scraper-order,web-scraper-start-url,MatchLink,MatchLink-href,f_boxer,s_boxer,f_boxer_result,f_boxer_stance,f_boxer_age,f_boxer_height,f_boxer_reach,f_boxer_won,f_boxer_lost,f_boxer_drawn,f_boxer_KOs,f_boxer_ranking,s_boxer_ranking,s_boxer_age,s_boxer_stance,s_boxer_reach,s_boxer_height,s_boxer_won,s_boxer_lost,s_boxer_drawn,s_boxer_KOs,rounds
"1607599551-120","https://boxrec.com/en/proboxer/479205","bout","https://boxrec.com/en/event/601301/1517257","Tyson Fury","John McDermott","won TKO","orthodox","21","6′ 9″   /   206cm","85″   /   216cm","10","0","0","8","1","","30","orthodox","","6′ 3″   /   191cm","25","6","0","16","Tyson Fury
    
      
      
    
                    
won TKO
        
round 9"
"1607599556-121","https://boxrec.com/en/proboxer/479205","bout","https://boxrec.com/en/event/605434/1534033","Tyson Fury","Rich Power","won PTS","orthodox","22","6′ 9″   /   206cm","85″   /   216cm","11","0","0","9","1","","30","","","","12","0","0","9","Tyson Fury
    
      
      
    
                    
won PTS
        
round 8"
"1607599523-115","https://boxrec.com/en/proboxer/479205","bout","https://boxrec.com/en/event/574576/1412302","Tyson Fury","Scott Belshaw","won TKO","orthodox","20","6′ 9″   /   206cm","85″   /   216cm","5","0","0","5","1","","23","orthodox","","6′ 7″   /   201cm","10","1","0","7","Tyson Fury
    
      
      
    
                    
won TKO
        
round 2"
"1607599545-119","https://boxrec.com/en/proboxer/479205","bout","https://boxrec.com/en/event/596021/1499125","Tyson Fury","Hans-Joerg Blasko","won TKO","orthodox","21","6′ 9″   /   206cm","85″   /   216cm","9","0","0","7","1","","36","orthodox","","6′ 5″   /   195cm","9","3","0","6","Tyson Fury
    
      
      
    
                    
won TKO
        
round 1"
"1607599606-130","https://boxrec.com/en/proboxer/479205","bout","https://boxrec.com/en/event/666062/1778780","Tyson Fury","Steve Cunningham","won KO","orthodox","24","6′ 9″   /   206cm","85″   /   216cm","20","0","0","14","1","","36","orthodox","82″   /   208cm","6′ 3″   /   190cm","25","5","0","12","Tyson Fury
    
      
      
    
                    
won KO
        
round 7"
"1607599622-133","https://boxrec.com/en/proboxer/479205","bout","https://boxrec.com/en/event/705496/1942244","Tyson Fury","Christian Hammer","won RTD","orthodox","26","6′ 9″   /   206cm","85″   /   216cm","23","0","0","17","1","44","27","orthodox","78″   /   198cm","6′ 2½″   /   189cm","17","3","0","10","Tyson Fury
    
      
      
    
                    
won RTD
        
round 8"
"1607599584-126","https://boxrec.com/en/proboxer/479205","bout","https://boxrec.com/en/event/629002/1630025","Tyson Fury","Neven Pajkic","won TKO","orthodox","23","6′ 9″   /   206cm","85″   /   216cm","16","0","0","11","1","","34","orthodox","","6′ 3″   /   191cm","16","0","0","5","Tyson Fury
    
      
      
    
                    
won TKO
        
round 3"
"1607599617-132","https://boxrec.com/en/proboxer/479205","bout","https://boxrec.com/en/event/699689/1921854","Dereck Chisora","Tyson Fury","won RTD","orthodox","30","6′ 1½″   /   187cm","74″   /   188cm","20","4","0","13","9","1","26","orthodox","85″   /   216cm","6′ 9″   /   206cm","22","0","0","16","Dereck Chisora"
"1607599628-134","https://boxrec.com/en/proboxer/479205","bout","https://boxrec.com/en/event/721333/2012278","Wladimir Klitschko","Tyson Fury","won UD","orthodox","39","6′ 6″   /   198cm","81″   /   206cm","64","3","0","53","","1","27","orthodox","85″   /   216cm","6′ 9″   /   206cm","24","0","0","18","Wladimir Klitschko"
"1607599518-114","https://boxrec.com/en/proboxer/479205","bout","https://boxrec.com/en/event/571299/1399933","Tyson Fury","Mathew Ellis","won KO","orthodox","20","6′ 9″   /   206cm","85″   /   216cm","4","0","0","4","1","","35","orthodox","","5′ 11½″   /   182cm","20","6","1","9","Tyson Fury
    
      
      
    
                    
won KO
        
round 1"
"1607599655-139","https://boxrec.com/en/proboxer/479205","bout","https://boxrec.com/en/event/793512/2380608","Tyson Fury","Otto Wallin","won UD","orthodox","31","6′ 9″   /   206cm","85″   /   216cm","28","0","1","20","1","48","28","southpaw","78″   /   198cm","6′ 5½″   /   197cm","20","0","0","13","Tyson Fury
    
      
      
    
                    
won UD
        
round 12"
"1607599496-110","https://boxrec.com/en/proboxer/479205","bout","https://boxrec.com/en/event/562118/1371464","Tyson Fury","Bela Gyongyosi","won TKO","orthodox","20","6′ 9″   /   206cm","85″   /   216cm","0","0","0","0","1","","22","southpaw","","6′ 3½″   /   192cm","3","9","2","1","Tyson Fury
    
      
      
    
                    
won TKO
        
round 1"
"1607599539-118","https://boxrec.com/en/proboxer/479205","bout","https://boxrec.com/en/event/584039/1453350","Tyson Fury","Tomas Mrazek","won PTS","orthodox","21","6′ 9″   /   206cm","85″   /   216cm","8","0","0","7","1","654","28","southpaw","","","4","22","5","3","Tyson Fury
    
      
      
    
                    
won PTS
        
round 6"
"1607599633-135","https://boxrec.com/en/proboxer/479205","bout","https://boxrec.com/en/event/768104/2243639","Tyson Fury","Sefer Seferi","won RTD","orthodox","29","6′ 9″   /   206cm","85″   /   216cm","25","0","0","18","1","65","39","orthodox","","","23","1","0","21","Tyson Fury
    
      
      
    
                    
won RTD
        
round 4"
"1607599567-123","https://boxrec.com/en/proboxer/479205","bout","https://boxrec.com/en/event/612401/1576630","Tyson Fury","Marcelo Nascimento","won KO","orthodox","22","6′ 9″   /   206cm","85″   /   216cm","13","0","0","9","1","238","30","orthodox","","6′ 5″   /   196cm","13","0","0","11","Tyson Fury
    
      
      
    
                    
won KO
        
round 5"
"1607599600-129","https://boxrec.com/en/proboxer/479205","bout","https://boxrec.com/en/event/656701/1744496","Tyson Fury","Kevin Johnson","won UD","orthodox","24","6′ 9″   /   206cm","85″   /   216cm","19","0","0","14","1","97","33","orthodox","82″   /   208cm","6′ 3″   /   191cm","28","2","1","13","Tyson Fury
    
      
      
    
                    
won UD
        
round 12"
"1607599578-125","https://boxrec.com/en/proboxer/479205","bout","https://boxrec.com/en/event/626414/1617790","Tyson Fury","Nicolai Firtha","won TKO","orthodox","23","6′ 9″   /   206cm","85″   /   216cm","15","0","0","10","1","","32","orthodox","","6′ 6″   /   198cm","20","8","1","8","Tyson Fury
    
      
      
    
                    
won TKO
        
round 5"
"1607599650-138","https://boxrec.com/en/proboxer/479205","bout","https://boxrec.com/en/event/784993/2335845","Tyson Fury","Tom Schwarz","won TKO","orthodox","30","6′ 9″   /   206cm","85″   /   216cm","27","0","1","19","1","34","25","orthodox","","6′ 5½″   /   197cm","24","0","0","16","Tyson Fury
    
      
      
    
                    
won TKO
        
round 2"
"1607599639-136","https://boxrec.com/en/proboxer/479205","bout","https://boxrec.com/en/event/769039/2256926","Tyson Fury","Francesco Pianeta","won PTS","orthodox","30","6′ 9″   /   206cm","85″   /   216cm","26","0","0","19","1","","33","southpaw","80″   /   203cm","6′ 5″   /   196cm","35","4","1","21","Tyson Fury
    
      
      
    
                    
won PTS
        
round 10"
"1607599506-112","https://boxrec.com/en/proboxer/479205","bout","https://boxrec.com/en/event/570418/1384213","Tyson Fury","Daniil Peretyatko","won RTD","orthodox","20","6′ 9″   /   206cm","85″   /   216cm","2","0","0","2","1","","35","orthodox","","6′ 0″   /   183cm","15","20","0","6","Tyson Fury
    
      
      
    
                    
won RTD
        
round 2"
"1607599513-113","https://boxrec.com/en/proboxer/479205","bout","https://boxrec.com/en/event/569333/1390486","Tyson Fury","Lee Swaby","won RTD","orthodox","20","6′ 9″   /   206cm","85″   /   216cm","3","0","0","3","1","","32","southpaw","","6′ 2″   /   188cm","23","22","2","11","Tyson Fury
    
      
      
    
                    
won RTD
        
round 4"
"1607599611-131","https://boxrec.com/en/proboxer/479205","bout","https://boxrec.com/en/event/683497/1859820","Tyson Fury","Joey Abell","won TKO","orthodox","25","6′ 9″   /   206cm","85″   /   216cm","21","0","0","15","1","131","32","southpaw","76″   /   193cm","6′ 4″   /   193cm","29","7","0","28","Tyson Fury
    
      
      
    
                    
won TKO
        
round 4"
"1607599501-111","https://boxrec.com/en/proboxer/479205","bout","https://boxrec.com/en/event/567371/1380412","Tyson Fury","Marcel Zeller","won TKO","orthodox","20","6′ 9″   /   206cm","85″   /   216cm","1","0","0","1","1","","35","orthodox","","6′ 1″   /   185cm","21","3","0","20","Tyson Fury
    
      
      
    
                    
won TKO
        
round 3"
"1607599589-127","https://boxrec.com/en/proboxer/479205","bout","https://boxrec.com/en/event/637835/1670814","Tyson Fury","Martin Rogan","won TKO","orthodox","23","6′ 9″   /   206cm","85″   /   216cm","17","0","0","12","1","","40","orthodox","","6′ 3″   /   191cm","14","2","0","7","Tyson Fury
    
      
      
    
                    
won TKO
        
round 5"
"1607599534-117","https://boxrec.com/en/proboxer/479205","bout","https://boxrec.com/en/event/581189/1433340","John McDermott","Tyson Fury","won PTS","orthodox","29","6′ 3″   /   191cm","","25","5","0","16","","1","21","orthodox","85″   /   216cm","6′ 9″   /   206cm","7","0","0","7","John McDermott"
"1607599573-124","https://boxrec.com/en/proboxer/479205","bout","https://boxrec.com/en/event/621399/1597991","Dereck Chisora","Tyson Fury","won UD","orthodox","27","6′ 1½″   /   187cm","74″   /   188cm","14","0","0","9","9","1","22","orthodox","85″   /   216cm","6′ 9″   /   206cm","14","0","0","10","Dereck Chisora"
"1607599528-116","https://boxrec.com/en/proboxer/479205","bout","https://boxrec.com/en/event/577359/1424830","Tyson Fury","Aleksandrs Selezens","won TKO","orthodox","20","6′ 9″   /   206cm","85″   /   216cm","6","0","0","6","1","","29","orthodox","","6′ 2″   /   188cm","3","6","0","1","Tyson Fury
    
      
      
    
                    
won TKO
        
round 3"
"1607599562-122","https://boxrec.com/en/proboxer/479205","bout","https://boxrec.com/en/event/607434/1559376","Tyson Fury","Zack Page","won UD","orthodox","22","6′ 9″   /   206cm","85″   /   216cm","12","0","0","9","1","","37","orthodox","","6′ 0″   /   183cm","21","32","2","7","Tyson Fury
    
      
      
    
                    
won UD
        
round 8"
"1607599644-137","https://boxrec.com/en/proboxer/479205","bout","https://boxrec.com/en/event/775415/2281110","Deontay Wilder","Tyson Fury","drawn SD","orthodox","33","6′ 7″   /   201cm","83″   /   211cm","40","0","0","39","2","1","30","orthodox","85″   /   216cm","6′ 9″   /   206cm","27","0","0","19","Deontay Wilder
    
      
      
    
                    
drawn SD"
"1607599595-128","https://boxrec.com/en/proboxer/479205","bout","https://boxrec.com/en/event/645299/1705452","Tyson Fury","Vinny Maddalone","won TKO","orthodox","23","6′ 9″   /   206cm","85″   /   216cm","18","0","0","13","1","","38","orthodox","","6′ 2″   /   188cm","35","7","0","26","Tyson Fury
    
      
      
    
                    
won TKO
        
round 5"
