,f_boxer,s_boxer,f_boxer_result,f_boxer_stance,f_boxer_age,f_boxer_height,f_boxer_reach,f_boxer_won,f_boxer_lost,f_boxer_drawn,f_boxer_KOs,f_boxer_ranking,s_boxer_ranking,s_boxer_age,s_boxer_stance,s_boxer_reach,s_boxer_height,s_boxer_won,s_boxer_lost,s_boxer_drawn,s_boxer_KOs,rounds,s_boxer_result,matchRounds,fightEnd
1,Kubrat Pulev,Danny Batchelder,won,orthodox,28.0,194,202.0,6,0,0,4.0,2,24,33.0,orthodox,191.0,185.0,25,7,1,12.0,"Kubrat Pulev
    
      
      
    
                    
won TKO
        
round 2",lost,2.0,KO/TKO
2,Kubrat Pulev,Kevin Johnson,won,orthodox,35.0,194,202.0,24,1,0,13.0,2,23,37.0,orthodox,208.0,191.0,30,7,1,14.0,"Kubrat Pulev
    
      
      
    
                    
won UD
        
round 12",lost,2.0,UD
3,Kubrat Pulev,Tony Thompson,won,orthodox,32.0,194,202.0,17,0,0,9.0,2,24,41.0,southpaw,207.0,196.0,38,3,0,26.0,"Kubrat Pulev
    
      
      
    
                    
won UD
        
round 12",lost,2.0,UD
4,Kubrat Pulev,Michael Sprott,won,orthodox,30.0,194,202.0,14,0,0,6.0,2,24,36.0,orthodox,199.414634146341,187.0,36,17,0,17.0,"Kubrat Pulev
    
      
      
    
                    
won RTD
        
round 9",lost,9.0,RTD
5,Kubrat Pulev,Alexander Ustinov,won,orthodox,31.0,194,202.0,16,0,0,8.0,2,22,35.0,orthodox,199.414634146341,202.0,27,0,0,21.0,"Kubrat Pulev
    
      
      
    
                    
won KO
        
round 11",lost,1.0,KO/TKO
6,Kubrat Pulev,Gbenga Oluokun,won,orthodox,28.0,194,202.0,2,0,0,2.0,2,24,26.0,orthodox,199.414634146341,185.0,17,2,0,10.0,"Kubrat Pulev
    
      
      
    
                    
won UD
        
round 6",lost,6.0,UD
7,Kubrat Pulev,George Arias,won,orthodox,34.0,194,202.0,20,1,0,11.0,2,24,41.0,orthodox,199.414634146341,181.0,56,13,0,42.0,"Kubrat Pulev
    
      
      
    
                    
won UD
        
round 8",lost,8.0,UD
8,Kubrat Pulev,Maurice Harris,won,orthodox,34.0,194,202.0,21,1,0,11.0,2,24,39.0,orthodox,203.0,193.0,26,20,3,11.0,"Kubrat Pulev
    
      
      
    
                    
won KO
        
round 1",lost,1.0,KO/TKO
9,Kubrat Pulev,Derric Rossy,won,orthodox,30.0,194,202.0,11,0,0,5.0,2,24,30.0,orthodox,194.0,191.0,25,3,0,14.0,"Kubrat Pulev
    
      
      
    
                    
won TKO
        
round 5",lost,5.0,KO/TKO
10,Kubrat Pulev,Ivica Perkovic,won,orthodox,32.0,194,202.0,19,0,0,10.0,2,24,39.0,orthodox,193.0,193.0,20,23,0,15.0,"Kubrat Pulev
    
      
      
    
                    
won RTD
        
round 3",lost,3.0,RTD
11,Kubrat Pulev,Evgeny Orlov,won,orthodox,28.0,194,202.0,7,0,0,5.0,2,24,31.0,orthodox,199.414634146341,207.0,11,6,1,8.0,"Kubrat Pulev
    
      
      
    
                    
won DQ
        
round 7",lost,7.0,DQ
12,Kubrat Pulev,Isossa Mondo,won,orthodox,28.0,194,202.0,5,0,0,3.0,2,14,30.0,orthodox,199.414634146341,,3,2,0,2.0,"Kubrat Pulev
    
      
      
    
                    
won RTD
        
round 3",lost,3.0,RTD
13,Kubrat Pulev,Matt Skelton,won,orthodox,28.0,194,202.0,4,0,0,2.0,2,24,43.0,orthodox,199.414634146341,191.0,22,4,0,19.0,"Kubrat Pulev
    
      
      
    
                    
won KO
        
round 4",lost,4.0,KO/TKO
14,Kubrat Pulev,Bogdan Dinu,won,orthodox,37.0,194,202.0,26,1,0,13.0,2,3,32.0,orthodox,199.414634146341,196.0,18,1,0,14.0,"Kubrat Pulev
    
      
      
    
                    
won KO
        
round 7",lost,7.0,KO/TKO
15,Kubrat Pulev,Florian Benche,won,orthodox,28.0,194,202.0,0,0,0,0.0,2,24,27.0,southpaw,199.414634146341,190.0,2,3,0,0.0,"Kubrat Pulev
    
      
      
    
                    
won TKO
        
round 2",lost,2.0,KO/TKO
16,Alexander Dimitrenko,Kubrat Pulev,lost,orthodox,29.0,201,208.0,32,1,0,21.0,4,2,31.0,orthodox,202.0,194.0,15,0,0,7.0,Alexander Dimitrenko,won,,Unknown
17,Kubrat Pulev,Zack Page,won,orthodox,28.0,194,202.0,3,0,0,2.0,2,24,36.0,orthodox,199.414634146341,183.0,19,25,2,7.0,"Kubrat Pulev
    
      
      
    
                    
won UD
        
round 6",lost,6.0,UD
18,Kubrat Pulev,Paolo Vidoz,won,orthodox,29.0,194,202.0,9,0,0,5.0,2,24,40.0,orthodox,199.414634146341,191.0,26,9,0,15.0,"Kubrat Pulev
    
      
      
    
                    
won UD
        
round 8",lost,8.0,UD
19,Wladimir Klitschko,Kubrat Pulev,won,orthodox,38.0,198,206.0,62,3,0,52.0,6,2,33.0,orthodox,202.0,194.0,20,0,0,11.0,"Wladimir Klitschko
    
      
      
    
                    
won KO
        
round 5",lost,5.0,KO/TKO
20,Kubrat Pulev,Maksym Pedyura,won,orthodox,30.0,194,202.0,12,0,0,6.0,2,19,33.0,orthodox,196.0,194.0,13,1,1,11.0,"Kubrat Pulev
    
      
      
    
                    
won UD
        
round 8",lost,8.0,UD
21,Kubrat Pulev,Joey Abell,won,orthodox,32.0,194,202.0,18,0,0,9.0,2,4,32.0,southpaw,193.0,193.0,29,6,0,28.0,"Kubrat Pulev
    
      
      
    
                    
won RTD
        
round 4",lost,4.0,RTD
22,Kubrat Pulev,Travis Walker,won,orthodox,30.0,194,202.0,13,0,0,6.0,2,24,32.0,orthodox,208.0,194.0,38,6,1,30.0,"Kubrat Pulev
    
      
      
    
                    
won UD
        
round 12",lost,2.0,UD
23,Kubrat Pulev,Yaroslav Zavorotnyi,won,orthodox,29.0,194,202.0,10,0,0,5.0,2,24,36.0,orthodox,191.0,193.0,14,5,0,12.0,"Kubrat Pulev
    
      
      
    
                    
won UD
        
round 8",lost,8.0,UD
24,Dereck Chisora,Kubrat Pulev,lost,orthodox,32.0,187,188.0,25,5,0,17.0,5,2,35.0,orthodox,202.0,194.0,22,1,0,12.0,Dereck Chisora,won,,Unknown
25,Kubrat Pulev,Samuel Peter,won,orthodox,35.0,194,202.0,23,1,0,12.0,2,7,36.0,orthodox,196.0,188.0,36,5,0,29.0,"Kubrat Pulev
    
      
      
    
                    
won RTD
        
round 3",lost,3.0,RTD
26,Kubrat Pulev,Dominick Guinn,won,orthodox,29.0,194,202.0,8,0,0,5.0,2,8,35.0,orthodox,198.0,188.0,33,6,1,22.0,"Kubrat Pulev
    
      
      
    
                    
won UD
        
round 8",lost,8.0,UD
27,Kubrat Pulev,Hughie Fury,won,orthodox,37.0,194,202.0,25,1,0,13.0,2,11,24.0,orthodox,203.0,198.0,21,1,0,11.0,"Kubrat Pulev
    
      
      
    
                    
won UD
        
round 12",lost,2.0,UD
28,Kubrat Pulev,Rydell Booker,won,orthodox,38.0,194,202.0,27,1,0,14.0,2,6,38.0,orthodox,201.0,191.0,26,2,0,13.0,"Kubrat Pulev
    
      
      
    
                    
won UD
        
round 10",lost,0.0,UD
29,Kubrat Pulev,Serdar Uysal,won,orthodox,28.0,194,202.0,1,0,0,1.0,2,24,38.0,southpaw,199.414634146341,,9,8,2,4.0,"Kubrat Pulev
    
      
      
    
                    
won TKO
        
round 4",lost,4.0,KO/TKO
30,Tyson Fury,John McDermott,won,orthodox,21.0,206,216.0,10,0,0,8.0,1,24,30.0,orthodox,199.414634146341,191.0,25,6,0,16.0,"Tyson Fury
    
      
      
    
                    
won TKO
        
round 9",lost,9.0,KO/TKO
31,Tyson Fury,Rich Power,won,orthodox,22.0,206,216.0,11,0,0,9.0,1,24,30.0,,199.414634146341,,12,0,0,9.0,"Tyson Fury
    
      
      
    
                    
won PTS
        
round 8",lost,8.0,Unknown
32,Tyson Fury,Scott Belshaw,won,orthodox,20.0,206,216.0,5,0,0,5.0,1,24,23.0,orthodox,199.414634146341,201.0,10,1,0,7.0,"Tyson Fury
    
      
      
    
                    
won TKO
        
round 2",lost,2.0,KO/TKO
33,Tyson Fury,Hans-Joerg Blasko,won,orthodox,21.0,206,216.0,9,0,0,7.0,1,24,36.0,orthodox,199.414634146341,195.0,9,3,0,6.0,"Tyson Fury
    
      
      
    
                    
won TKO
        
round 1",lost,1.0,KO/TKO
34,Tyson Fury,Steve Cunningham,won,orthodox,24.0,206,216.0,20,0,0,14.0,1,24,36.0,orthodox,208.0,190.0,25,5,0,12.0,"Tyson Fury
    
      
      
    
                    
won KO
        
round 7",lost,7.0,KO/TKO
35,Tyson Fury,Christian Hammer,won,orthodox,26.0,206,216.0,23,0,0,17.0,1,17,27.0,orthodox,198.0,189.0,17,3,0,10.0,"Tyson Fury
    
      
      
    
                    
won RTD
        
round 8",lost,8.0,RTD
36,Tyson Fury,Neven Pajkic,won,orthodox,23.0,206,216.0,16,0,0,11.0,1,24,34.0,orthodox,199.414634146341,191.0,16,0,0,5.0,"Tyson Fury
    
      
      
    
                    
won TKO
        
round 3",lost,3.0,KO/TKO
37,Dereck Chisora,Tyson Fury,lost,orthodox,30.0,187,188.0,20,4,0,13.0,5,1,26.0,orthodox,216.0,206.0,22,0,0,16.0,Dereck Chisora,won,,Unknown
38,Wladimir Klitschko,Tyson Fury,lost,orthodox,39.0,198,206.0,64,3,0,53.0,6,1,27.0,orthodox,216.0,206.0,24,0,0,18.0,Wladimir Klitschko,won,,Unknown
39,Tyson Fury,Mathew Ellis,won,orthodox,20.0,206,216.0,4,0,0,4.0,1,24,35.0,orthodox,199.414634146341,182.0,20,6,1,9.0,"Tyson Fury
    
      
      
    
                    
won KO
        
round 1",lost,1.0,KO/TKO
40,Tyson Fury,Otto Wallin,won,orthodox,31.0,206,216.0,28,0,1,20.0,1,18,28.0,southpaw,198.0,197.0,20,0,0,13.0,"Tyson Fury
    
      
      
    
                    
won UD
        
round 12",lost,2.0,UD
41,Tyson Fury,Bela Gyongyosi,won,orthodox,20.0,206,216.0,0,0,0,0.0,1,24,22.0,southpaw,199.414634146341,192.0,3,9,2,1.0,"Tyson Fury
    
      
      
    
                    
won TKO
        
round 1",lost,1.0,KO/TKO
42,Tyson Fury,Tomas Mrazek,won,orthodox,21.0,206,216.0,8,0,0,7.0,1,21,28.0,southpaw,199.414634146341,,4,22,5,3.0,"Tyson Fury
    
      
      
    
                    
won PTS
        
round 6",lost,6.0,Unknown
43,Tyson Fury,Sefer Seferi,won,orthodox,29.0,206,216.0,25,0,0,18.0,1,20,39.0,orthodox,199.414634146341,,23,1,0,21.0,"Tyson Fury
    
      
      
    
                    
won RTD
        
round 4",lost,4.0,RTD
44,Tyson Fury,Marcelo Nascimento,won,orthodox,22.0,206,216.0,13,0,0,9.0,1,10,30.0,orthodox,199.414634146341,196.0,13,0,0,11.0,"Tyson Fury
    
      
      
    
                    
won KO
        
round 5",lost,5.0,KO/TKO
45,Tyson Fury,Kevin Johnson,won,orthodox,24.0,206,216.0,19,0,0,14.0,1,23,33.0,orthodox,208.0,191.0,28,2,1,13.0,"Tyson Fury
    
      
      
    
                    
won UD
        
round 12",lost,2.0,UD
46,Tyson Fury,Nicolai Firtha,won,orthodox,23.0,206,216.0,15,0,0,10.0,1,24,32.0,orthodox,199.414634146341,198.0,20,8,1,8.0,"Tyson Fury
    
      
      
    
                    
won TKO
        
round 5",lost,5.0,KO/TKO
47,Tyson Fury,Tom Schwarz,won,orthodox,30.0,206,216.0,27,0,1,19.0,1,13,25.0,orthodox,199.414634146341,197.0,24,0,0,16.0,"Tyson Fury
    
      
      
    
                    
won TKO
        
round 2",lost,2.0,KO/TKO
48,Tyson Fury,Francesco Pianeta,won,orthodox,30.0,206,216.0,26,0,0,19.0,1,24,33.0,southpaw,203.0,196.0,35,4,1,21.0,"Tyson Fury
    
      
      
    
                    
won PTS
        
round 10",lost,0.0,Unknown
49,Tyson Fury,Daniil Peretyatko,won,orthodox,20.0,206,216.0,2,0,0,2.0,1,24,35.0,orthodox,199.414634146341,183.0,15,20,0,6.0,"Tyson Fury
    
      
      
    
                    
won RTD
        
round 2",lost,2.0,RTD
50,Tyson Fury,Lee Swaby,won,orthodox,20.0,206,216.0,3,0,0,3.0,1,24,32.0,southpaw,199.414634146341,188.0,23,22,2,11.0,"Tyson Fury
    
      
      
    
                    
won RTD
        
round 4",lost,4.0,RTD
51,Tyson Fury,Joey Abell,won,orthodox,25.0,206,216.0,21,0,0,15.0,1,4,32.0,southpaw,193.0,193.0,29,7,0,28.0,"Tyson Fury
    
      
      
    
                    
won TKO
        
round 4",lost,4.0,KO/TKO
52,Tyson Fury,Marcel Zeller,won,orthodox,20.0,206,216.0,1,0,0,1.0,1,24,35.0,orthodox,199.414634146341,185.0,21,3,0,20.0,"Tyson Fury
    
      
      
    
                    
won TKO
        
round 3",lost,3.0,KO/TKO
53,Tyson Fury,Martin Rogan,won,orthodox,23.0,206,216.0,17,0,0,12.0,1,24,40.0,orthodox,199.414634146341,191.0,14,2,0,7.0,"Tyson Fury
    
      
      
    
                    
won TKO
        
round 5",lost,5.0,KO/TKO
54,John McDermott,Tyson Fury,lost,orthodox,29.0,191,206.5,25,5,0,16.0,6,1,21.0,orthodox,216.0,206.0,7,0,0,7.0,John McDermott,won,,Unknown
55,Dereck Chisora,Tyson Fury,lost,orthodox,27.0,187,188.0,14,0,0,9.0,5,1,22.0,orthodox,216.0,206.0,14,0,0,10.0,Dereck Chisora,won,,Unknown
56,Tyson Fury,Aleksandrs Selezens,won,orthodox,20.0,206,216.0,6,0,0,6.0,1,24,29.0,orthodox,199.414634146341,188.0,3,6,0,1.0,"Tyson Fury
    
      
      
    
                    
won TKO
        
round 3",lost,3.0,KO/TKO
57,Tyson Fury,Zack Page,won,orthodox,22.0,206,216.0,12,0,0,9.0,1,24,37.0,orthodox,199.414634146341,183.0,21,32,2,7.0,"Tyson Fury
    
      
      
    
                    
won UD
        
round 8",lost,8.0,UD
58,Deontay Wilder,Tyson Fury,lost,orthodox,33.0,201,211.0,40,0,0,39.0,3,1,30.0,orthodox,216.0,206.0,27,0,0,19.0,"Deontay Wilder
    
      
      
    
                    
drawn SD",won,,Unknown
59,Tyson Fury,Vinny Maddalone,won,orthodox,23.0,206,216.0,18,0,0,13.0,1,24,38.0,orthodox,199.414634146341,188.0,35,7,0,26.0,"Tyson Fury
    
      
      
    
                    
won TKO
        
round 5",lost,5.0,KO/TKO
60,Wladimir Klitschko,James Pritchard,won,6′ 6″   /   198cm,,206,206.5,11,0,0,,6,24,,6′ 0″   /   183cm,199.414634146341,188.0,30,16,2,,"Wladimir Klitschko
    
      
      
    
                    
won TKO
        
round 3",lost,3.0,KO/TKO
61,Wladimir Klitschko,David Haye,won,orthodox,35.0,198,206.0,55,3,0,48.0,6,24,30.0,orthodox,198.0,191.0,25,1,0,23.0,"Wladimir Klitschko
    
      
      
    
                    
won UD
        
round 12",lost,2.0,UD
62,Wladimir Klitschko,Jameel McCline,won,orthodox,26.0,198,206.0,39,1,0,35.0,6,24,32.0,orthodox,208.0,198.0,28,2,3,16.0,"Wladimir Klitschko
    
      
      
    
                    
won RTD
        
round 10",lost,0.0,RTD
63,Wladimir Klitschko,Alexander Povetkin,won,orthodox,37.0,198,206.0,60,3,0,51.0,6,16,34.0,orthodox,191.0,188.0,26,0,0,18.0,"Wladimir Klitschko
    
      
      
    
                    
won UD
        
round 12",lost,2.0,UD
64,Wladimir Klitschko,Francesco Pianeta,won,orthodox,37.0,198,206.0,59,3,0,50.0,6,24,28.0,southpaw,203.0,196.0,28,0,1,15.0,"Wladimir Klitschko
    
      
      
    
                    
won TKO
        
round 6",lost,6.0,KO/TKO
65,Wladimir Klitschko,Bryant Jennings,won,orthodox,39.0,198,206.0,63,3,0,53.0,6,9,30.0,orthodox,213.0,191.0,19,0,0,10.0,"Wladimir Klitschko
    
      
      
    
                    
won UD
        
round 12",lost,2.0,UD
66,Wladimir Klitschko,Monte Barrett,won,orthodox,24.0,198,206.0,33,1,0,30.0,6,24,29.0,orthodox,198.0,191.0,23,1,0,14.0,"Wladimir Klitschko
    
      
      
    
                    
won TKO
        
round 7",lost,7.0,KO/TKO
67,Wladimir Klitschko,Carlos Monroe,won,orthodox,22.0,198,206.0,20,0,0,17.0,6,24,33.0,orthodox,204.0,198.0,11,6,0,7.0,"Wladimir Klitschko
    
      
      
    
                    
won TKO
        
round 6",lost,6.0,KO/TKO
68,Wladimir Klitschko,Sultan Ibragimov,won,orthodox,31.0,198,206.0,49,3,0,43.0,6,24,32.0,southpaw,193.0,188.0,22,0,1,17.0,"Wladimir Klitschko
    
      
      
    
                    
won UD
        
round 12",lost,2.0,UD
69,Wladimir Klitschko,Jean Marc Mormeck,won,orthodox,35.0,198,206.0,56,3,0,48.0,6,24,39.0,orthodox,188.0,181.0,36,4,0,22.0,"Wladimir Klitschko
    
      
      
    
                    
won KO
        
round 4",lost,4.0,KO/TKO
70,Wladimir Klitschko,Biko Botowamungu,won,orthodox,21.0,198,206.0,10,0,0,9.0,6,24,40.0,orthodox,193.0,190.0,9,5,1,9.0,"Wladimir Klitschko
    
      
      
    
                    
won DQ
        
round 4",lost,4.0,DQ
71,Wladimir Klitschko,Carlos Monroe,won,orthodox,20.0,198,206.0,4,0,0,4.0,6,24,32.0,orthodox,204.0,198.0,8,2,0,5.0,"Wladimir Klitschko
    
      
      
    
                    
won DQ
        
round 6",lost,6.0,DQ
73,Wladimir Klitschko,Jerry Halstead,won,6′ 6″   /   198cm,,206,206.5,13,0,0,,6,24,,6′ 1″   /   185cm,199.414634146341,188.0,85,18,1,,"Wladimir Klitschko
    
      
      
    
                    
won TKO
        
round 2",lost,2.0,KO/TKO
75,Wladimir Klitschko,Ray Mercer,won,orthodox,26.0,198,206.0,38,1,0,34.0,6,24,41.0,orthodox,196.0,185.0,30,4,1,22.0,"Wladimir Klitschko
    
      
      
    
                    
won TKO
        
round 6",lost,6.0,KO/TKO
76,Wladimir Klitschko,Samuel Peter,won,orthodox,29.0,198,206.0,44,3,0,39.0,6,7,25.0,orthodox,196.0,188.0,24,0,0,21.0,"Wladimir Klitschko
    
      
      
    
                    
won UD
        
round 12",lost,2.0,UD
77,Wladimir Klitschko,Najee Shaheed,won,orthodox,22.0,198,206.0,19,0,0,16.0,6,24,30.0,southpaw,188.0,184.0,16,0,1,8.0,"Wladimir Klitschko
    
      
      
    
                    
won KO
        
round 1",lost,1.0,KO/TKO
78,Wladimir Klitschko,Tony Thompson,won,orthodox,32.0,198,206.0,50,3,0,43.0,6,24,36.0,southpaw,207.0,196.0,31,1,0,19.0,"Wladimir Klitschko
    
      
      
    
                    
won KO
        
round 11",lost,1.0,KO/TKO
79,Chris Byrd,Wladimir Klitschko,lost,southpaw,35.0,188,188.0,39,2,1,20.0,6,24,30.0,orthodox,206.0,198.0,45,3,0,39.0,Chris Byrd,won,,Unknown
80,Wladimir Klitschko,Axel Schulz,won,orthodox,23.0,198,206.0,28,1,0,25.0,6,24,30.0,orthodox,193.0,191.0,26,3,1,11.0,"Wladimir Klitschko
    
      
      
    
                    
won TKO
        
round 8",lost,8.0,KO/TKO
81,Wladimir Klitschko,Marcus McIntyre,won,orthodox,21.0,198,206.0,16,0,0,14.0,6,24,28.0,orthodox,196.0,193.0,15,1,0,8.0,"Wladimir Klitschko
    
      
      
    
                    
won KO
        
round 3",lost,3.0,KO/TKO
82,Wladimir Klitschko,Gilberto Williamson,won,6′ 6″   /   198cm,,206,206.5,9,0,0,,6,24,,6′ 3″   /   190cm,199.414634146341,188.0,4,2,3,,"Wladimir Klitschko
    
      
      
    
                    
won TKO
        
round 3",lost,3.0,KO/TKO
83,Wladimir Klitschko,Calvin Brock,won,orthodox,30.0,198,206.0,46,3,0,40.0,6,24,31.0,orthodox,196.0,188.0,29,0,0,22.0,"Wladimir Klitschko
    
      
      
    
                    
won TKO
        
round 7",lost,7.0,KO/TKO
84,Wladimir Klitschko,Eli Dixon,won,orthodox,22.0,198,206.0,22,0,0,19.0,6,24,32.0,orthodox,201.0,188.0,21,4,1,14.0,"Wladimir Klitschko
    
      
      
    
                    
won TKO
        
round 3",lost,3.0,KO/TKO
85,Wladimir Klitschko,Exum Speight,won,6′ 6″   /   198cm,,206,206.5,1,0,0,,6,24,,6′ 0″   /   183cm,199.414634146341,180.0,8,30,2,,"Wladimir Klitschko
    
      
      
    
                    
won TKO
        
round 2",lost,2.0,KO/TKO
86,Wladimir Klitschko,Salvador Maciel,won,6′ 6″   /   198cm,,206,206.5,8,0,0,,6,24,,6′ 2″   /   188cm,199.414634146341,183.0,21,11,0,,"Wladimir Klitschko
    
      
      
    
                    
won KO
        
round 1",lost,1.0,KO/TKO
87,Wladimir Klitschko,Ross Puritty,lost,orthodox,22.0,198,206.0,24,0,0,21.0,6,24,31.0,orthodox,203.0,191.0,24,13,1,21.0,Wladimir Klitschko,won,,Unknown
88,Wladimir Klitschko,Mark Young,won,6′ 6″   /   198cm,,206,206.5,5,0,0,,6,24,,6′ 1″   /   185cm,199.414634146341,183.0,15,33,1,,"Wladimir Klitschko
    
      
      
    
                    
won RTD
        
round 2",lost,2.0,RTD
89,Wladimir Klitschko,Derrick Jefferson,won,orthodox,24.0,198,206.0,35,1,0,31.0,6,24,33.0,orthodox,208.0,198.0,23,2,1,19.0,"Wladimir Klitschko
    
      
      
    
                    
won TKO
        
round 2",lost,2.0,KO/TKO
90,Wladimir Klitschko,Eliseo Castillo,won,orthodox,29.0,198,206.0,43,3,0,38.0,6,24,29.0,orthodox,199.414634146341,188.0,18,0,1,14.0,"Wladimir Klitschko
    
      
      
    
                    
won TKO
        
round 4",lost,4.0,KO/TKO
91,Wladimir Klitschko,Eddie Chambers,won,orthodox,33.0,198,206.0,53,3,0,46.0,6,24,27.0,orthodox,191.0,185.0,35,1,0,18.0,"Wladimir Klitschko
    
      
      
    
                    
won KO
        
round 12",lost,2.0,KO/TKO
92,Wladimir Klitschko,Derrick Lampkins,won,6′ 6″   /   198cm,,206,206.5,15,0,0,,6,24,,6′ 5″   /   196cm,199.414634146341,198.0,9,3,1,,"Wladimir Klitschko
    
      
      
    
                    
won TKO
        
round 1",lost,1.0,KO/TKO
93,Wladimir Klitschko,Frans Botha,won,orthodox,25.0,198,206.0,37,1,0,33.0,6,24,33.0,orthodox,188.0,188.0,44,3,1,28.0,"Wladimir Klitschko
    
      
      
    
                    
won TKO
        
round 8",lost,8.0,KO/TKO
94,Wladimir Klitschko,Donnell Wingfield,won,6′ 6″   /   198cm,,206,206.5,23,0,0,,6,24,,6′ 1″   /   185cm,199.414634146341,185.0,29,9,1,,"Wladimir Klitschko
    
      
      
    
                    
won KO
        
round 1",lost,1.0,KO/TKO
95,Wladimir Klitschko,Phil Jackson,won,orthodox,23.0,198,206.0,29,1,0,26.0,6,24,35.0,orthodox,201.0,185.0,43,8,0,39.0,"Wladimir Klitschko
    
      
      
    
                    
won KO
        
round 2",lost,2.0,KO/TKO
96,Wladimir Klitschko,Ladislav Husarik,won,6′ 6″   /   198cm,,206,206.5,14,0,0,,6,24,,,199.414634146341,,4,13,1,,"Wladimir Klitschko
    
      
      
    
                    
won TKO
        
round 3",lost,3.0,KO/TKO
97,Wladimir Klitschko,Alex Leapai,won,orthodox,38.0,198,206.0,61,3,0,51.0,6,5,34.0,orthodox,190.0,183.0,30,4,3,24.0,"Wladimir Klitschko
    
      
      
    
                    
won TKO
        
round 5",lost,5.0,KO/TKO
98,Wladimir Klitschko,Mariusz Wach,won,orthodox,36.0,198,206.0,58,3,0,50.0,6,15,32.0,orthodox,208.0,202.0,27,0,0,15.0,"Wladimir Klitschko
    
      
      
    
                    
won UD
        
round 12",lost,2.0,UD
99,Paea Wolfgramm,Wladimir Klitschko,lost,orthodox,30.0,194,202.0,18,1,0,13.0,6,24,23.0,orthodox,206.0,198.0,31,1,0,28.0,Paea Wolfgramm,won,,Unknown
100,Wladimir Klitschko,Everett Martin,won,orthodox,23.0,198,206.0,25,1,0,22.0,6,24,34.0,orthodox,183.0,182.0,20,29,1,9.0,"Wladimir Klitschko
    
      
      
    
                    
won TKO
        
round 8",lost,8.0,KO/TKO
101,Wladimir Klitschko,Tony Thompson,won,orthodox,36.0,198,206.0,57,3,0,49.0,6,24,40.0,southpaw,207.0,196.0,36,2,0,24.0,"Wladimir Klitschko
    
      
      
    
                    
won TKO
        
round 6",lost,6.0,KO/TKO
102,Wladimir Klitschko,Steve Pannell,won,orthodox,22.0,198,206.0,21,0,0,18.0,6,24,31.0,orthodox,193.0,193.0,33,4,0,27.0,"Wladimir Klitschko
    
      
      
    
                    
won KO
        
round 2",lost,2.0,KO/TKO
103,Wladimir Klitschko,Fabian Meza,won,orthodox,20.0,198,206.0,0,0,0,0.0,6,24,27.0,orthodox,188.0,187.0,4,1,1,1.0,"Wladimir Klitschko
    
      
      
    
                    
won KO
        
round 1",lost,1.0,KO/TKO
104,Lamon Brewster,Wladimir Klitschko,won,orthodox,30.0,188,196.0,29,2,0,26.0,6,24,28.0,orthodox,206.0,198.0,42,2,0,38.0,"Lamon Brewster
    
      
      
    
                    
won TKO
        
round 5",lost,5.0,KO/TKO
105,Wladimir Klitschko,Marcos Gonzalez,won,6′ 6″   /   198cm,,206,206.5,12,0,0,,6,24,,6′ 1″   /   185cm,199.414634146341,188.0,18,11,1,,"Wladimir Klitschko
    
      
      
    
                    
won KO
        
round 2",lost,2.0,KO/TKO
106,Wladimir Klitschko,Troy Weida,won,orthodox,20.0,198,206.0,3,0,0,3.0,6,24,24.0,orthodox,191.0,191.0,6,1,1,6.0,"Wladimir Klitschko
    
      
      
    
                    
won TKO
        
round 3",lost,3.0,KO/TKO
107,Wladimir Klitschko,Lajos Eros,won,orthodox,23.0,198,206.0,30,1,0,27.0,6,24,35.0,orthodox,188.0,187.0,21,8,1,11.0,"Wladimir Klitschko
    
      
      
    
                    
won KO
        
round 2",lost,2.0,KO/TKO
108,Corrie Sanders,Wladimir Klitschko,won,southpaw,37.0,193,196.0,38,2,0,28.0,6,24,26.0,orthodox,206.0,198.0,40,1,0,36.0,"Corrie Sanders
    
      
      
    
                    
won TKO
        
round 2",lost,2.0,KO/TKO
109,Wladimir Klitschko,Bill Corrigan,won,orthodox,20.0,198,206.0,2,0,0,2.0,6,24,33.0,orthodox,193.0,193.0,10,12,1,7.0,"Wladimir Klitschko
    
      
      
    
                    
won TKO
        
round 1",lost,1.0,KO/TKO
110,Wladimir Klitschko,Fabio Eduardo Moli,won,orthodox,27.0,198,206.0,40,2,0,36.0,6,24,34.0,orthodox,199.414634146341,194.0,29,2,0,17.0,"Wladimir Klitschko
    
      
      
    
                    
won KO
        
round 1",lost,1.0,KO/TKO
111,Wladimir Klitschko,DaVarryl Williamson,won,orthodox,28.0,198,206.0,42,3,0,38.0,6,24,36.0,orthodox,203.0,193.0,20,2,0,17.0,"Wladimir Klitschko
    
      
      
    
                    
won TD
        
round 5",lost,5.0,Unknown
112,Wladimir Klitschko,Danell Nicholson,won,orthodox,27.0,198,206.0,41,2,0,37.0,6,24,36.0,orthodox,203.0,193.0,42,4,0,32.0,"Wladimir Klitschko
    
      
      
    
                    
won TKO
        
round 4",lost,4.0,KO/TKO
113,Wladimir Klitschko,Tony LaRosa,won,orthodox,23.0,198,206.0,26,1,0,23.0,6,24,31.0,orthodox,183.0,178.0,31,15,0,18.0,"Wladimir Klitschko
    
      
      
    
                    
won TKO
        
round 1",lost,1.0,KO/TKO
114,Wladimir Klitschko,Cody Koch,won,orthodox,22.0,198,206.0,18,0,0,15.0,6,24,25.0,southpaw,188.0,188.0,25,1,0,21.0,"Wladimir Klitschko
    
      
      
    
                    
won KO
        
round 4",lost,4.0,KO/TKO
115,Wladimir Klitschko,Ray Austin,won,orthodox,30.0,198,206.0,47,3,0,41.0,6,12,36.0,orthodox,203.0,198.0,24,3,4,16.0,"Wladimir Klitschko
    
      
      
    
                    
won KO
        
round 2",lost,2.0,KO/TKO
116,Wladimir Klitschko,Lamon Brewster,won,orthodox,31.0,198,206.0,48,3,0,42.0,6,24,34.0,orthodox,196.0,188.0,33,3,0,29.0,"Wladimir Klitschko
    
      
      
    
                    
won RTD
        
round 6",lost,6.0,RTD
117,Wladimir Klitschko,David Bostice,won,orthodox,24.0,198,206.0,32,1,0,29.0,6,24,28.0,orthodox,193.0,196.0,22,1,1,12.0,"Wladimir Klitschko
    
      
      
    
                    
won TKO
        
round 2",lost,2.0,KO/TKO
118,Wladimir Klitschko,Samuel Peter,won,orthodox,34.0,198,206.0,54,3,0,47.0,6,7,30.0,orthodox,196.0,188.0,34,3,0,27.0,"Wladimir Klitschko
    
      
      
    
                    
won KO
        
round 10",lost,0.0,KO/TKO
119,Wladimir Klitschko,Chris Byrd,won,orthodox,24.0,198,206.0,34,1,0,31.0,6,24,30.0,southpaw,188.0,188.0,31,1,0,19.0,"Wladimir Klitschko
    
      
      
    
                    
won UD
        
round 12",lost,2.0,UD
120,Wladimir Klitschko,Charles Shufford,won,orthodox,25.0,198,206.0,36,1,0,32.0,6,24,28.0,orthodox,203.0,191.0,17,1,0,9.0,"Wladimir Klitschko
    
      
      
    
                    
won TKO
        
round 6",lost,6.0,KO/TKO
121,Wladimir Klitschko,Mark Wills,won,orthodox,21.0,198,206.0,6,0,0,5.0,6,24,36.0,orthodox,188.0,185.0,14,17,1,9.0,"Wladimir Klitschko
    
      
      
    
                    
won KO
        
round 1",lost,1.0,KO/TKO
122,Wladimir Klitschko,Hasim Rahman,won,orthodox,32.0,198,206.0,51,3,0,44.0,6,24,36.0,orthodox,208.0,189.0,45,6,2,36.0,"Wladimir Klitschko
    
      
      
    
                    
won TKO
        
round 7",lost,7.0,KO/TKO
123,Wladimir Klitschko,Zoran Vujicic,won,orthodox,22.0,198,206.0,24,1,0,21.0,6,24,37.0,orthodox,198.0,193.0,14,0,0,6.0,"Wladimir Klitschko
    
      
      
    
                    
won KO
        
round 1",lost,1.0,KO/TKO
124,Wladimir Klitschko,Paul Ashley,won,6′ 6″   /   198cm,,206,206.5,7,0,0,,6,24,,6′ 0″   /   183cm,199.414634146341,183.0,4,2,1,,"Wladimir Klitschko
    
      
      
    
                    
won KO
        
round 2",lost,2.0,KO/TKO
125,Wladimir Klitschko,Everett Martin,won,6′ 6″   /   198cm,,206,206.5,17,0,0,,6,24,,5′ 11½″   /   182cm,199.414634146341,183.0,20,21,1,,"Wladimir Klitschko
    
      
      
    
                    
won UD
        
round 8",lost,8.0,UD
126,Wladimir Klitschko,Joseph Chingangu,won,orthodox,23.0,198,206.0,27,1,0,24.0,6,24,32.0,southpaw,198.0,192.0,18,4,0,13.0,"Wladimir Klitschko
    
      
      
    
                    
won RTD
        
round 4",lost,4.0,RTD
127,Wladimir Klitschko,Ruslan Chagaev,won,orthodox,33.0,198,206.0,52,3,0,45.0,6,24,30.0,southpaw,188.0,185.0,25,0,1,17.0,"Wladimir Klitschko
    
      
      
    
                    
won RTD
        
round 9",lost,9.0,RTD
