,F_BOXER,S_BOXER,F_BOXER_RESULT,F_BOXER_STANCE,F_BOXER_AGE,F_BOXER_HEIGHT,F_BOXER_REACH,F_BOXER_WON,F_BOXER_LOST,F_BOXER_DRAWN,F_BOXER_KOS,F_BOXER_RANKING,S_BOXER_RANKING,S_BOXER_AGE,S_BOXER_STANCE,S_BOXER_REACH,S_BOXER_HEIGHT,S_BOXER_WON,S_BOXER_LOST,S_BOXER_DRAWN,S_BOXER_KOS,S_BOXER_RESULT,MATCHROUNDS,FIGHTEND
1,Kubrat Pulev,Danny Batchelder,won,orthodox,28,194.0,202.0,6.0,0.0,0.0,4.0,2.0,24.0,33.0,orthodox,191.0,185.0,25.0,7.0,1.0,12.0,lost,2.0,KO/TKO
2,Kubrat Pulev,Kevin Johnson,won,orthodox,35,194.0,202.0,24.0,1.0,0.0,13.0,2.0,23.0,37.0,orthodox,208.0,191.0,30.0,7.0,1.0,14.0,lost,2.0,UD
3,Kubrat Pulev,Tony Thompson,won,orthodox,32,194.0,202.0,17.0,0.0,0.0,9.0,2.0,24.0,41.0,southpaw,207.0,196.0,38.0,3.0,0.0,26.0,lost,2.0,UD
4,Kubrat Pulev,Michael Sprott,won,orthodox,30,194.0,202.0,14.0,0.0,0.0,6.0,2.0,24.0,36.0,orthodox,199.414634146341,187.0,36.0,17.0,0.0,17.0,lost,9.0,RTD
5,Kubrat Pulev,Alexander Ustinov,won,orthodox,31,194.0,202.0,16.0,0.0,0.0,8.0,2.0,22.0,35.0,orthodox,199.414634146341,202.0,27.0,0.0,0.0,21.0,lost,1.0,KO/TKO
6,Kubrat Pulev,Gbenga Oluokun,won,orthodox,28,194.0,202.0,2.0,0.0,0.0,2.0,2.0,24.0,26.0,orthodox,199.414634146341,185.0,17.0,2.0,0.0,10.0,lost,6.0,UD
7,Kubrat Pulev,George Arias,won,orthodox,34,194.0,202.0,20.0,1.0,0.0,11.0,2.0,24.0,41.0,orthodox,199.414634146341,181.0,56.0,13.0,0.0,42.0,lost,8.0,UD
8,Kubrat Pulev,Maurice Harris,won,orthodox,34,194.0,202.0,21.0,1.0,0.0,11.0,2.0,24.0,39.0,orthodox,203.0,193.0,26.0,20.0,3.0,11.0,lost,1.0,KO/TKO
9,Kubrat Pulev,Derric Rossy,won,orthodox,30,194.0,202.0,11.0,0.0,0.0,5.0,2.0,24.0,30.0,orthodox,194.0,191.0,25.0,3.0,0.0,14.0,lost,5.0,KO/TKO
10,Kubrat Pulev,Ivica Perkovic,won,orthodox,32,194.0,202.0,19.0,0.0,0.0,10.0,2.0,24.0,39.0,orthodox,193.0,193.0,20.0,23.0,0.0,15.0,lost,3.0,RTD
11,Kubrat Pulev,Evgeny Orlov,won,orthodox,28,194.0,202.0,7.0,0.0,0.0,5.0,2.0,24.0,31.0,orthodox,199.414634146341,207.0,11.0,6.0,1.0,8.0,lost,7.0,DQ
12,Kubrat Pulev,Isossa Mondo,won,orthodox,28,194.0,202.0,5.0,0.0,0.0,3.0,2.0,14.0,30.0,orthodox,199.414634146341,,3.0,2.0,0.0,2.0,lost,3.0,RTD
13,Kubrat Pulev,Matt Skelton,won,orthodox,28,194.0,202.0,4.0,0.0,0.0,2.0,2.0,24.0,43.0,orthodox,199.414634146341,191.0,22.0,4.0,0.0,19.0,lost,4.0,KO/TKO
14,Kubrat Pulev,Bogdan Dinu,won,orthodox,37,194.0,202.0,26.0,1.0,0.0,13.0,2.0,3.0,32.0,orthodox,199.414634146341,196.0,18.0,1.0,0.0,14.0,lost,7.0,KO/TKO
15,Kubrat Pulev,Florian Benche,won,orthodox,28,194.0,202.0,0.0,0.0,0.0,0.0,2.0,24.0,27.0,southpaw,199.414634146341,190.0,2.0,3.0,0.0,0.0,lost,2.0,KO/TKO
16,nan,nan,nan,nan,0,3.76724137931034,3.76724137931034,3.76724137931034,3.76724137931034,3.76724137931034,,3.76724137931034,3.76724137931034,,nan,3.76724137931034,3.76724137931034,3.76724137931034,3.76724137931034,3.76724137931034,,nan,3.76724137931034,nan
17,Kubrat Pulev,Zack Page,won,orthodox,28,194.0,202.0,3.0,0.0,0.0,2.0,2.0,24.0,36.0,orthodox,199.414634146341,183.0,19.0,25.0,2.0,7.0,lost,6.0,UD
18,Kubrat Pulev,Paolo Vidoz,won,orthodox,29,194.0,202.0,9.0,0.0,0.0,5.0,2.0,24.0,40.0,orthodox,199.414634146341,191.0,26.0,9.0,0.0,15.0,lost,8.0,UD
19,Wladimir Klitschko,Kubrat Pulev,won,orthodox,38,198.0,206.0,62.0,3.0,0.0,52.0,6.0,2.0,33.0,orthodox,202.0,194.0,20.0,0.0,0.0,11.0,lost,5.0,KO/TKO
20,Kubrat Pulev,Maksym Pedyura,won,orthodox,30,194.0,202.0,12.0,0.0,0.0,6.0,2.0,19.0,33.0,orthodox,196.0,194.0,13.0,1.0,1.0,11.0,lost,8.0,UD
21,Kubrat Pulev,Joey Abell,won,orthodox,32,194.0,202.0,18.0,0.0,0.0,9.0,2.0,4.0,32.0,southpaw,193.0,193.0,29.0,6.0,0.0,28.0,lost,4.0,RTD
22,Kubrat Pulev,Travis Walker,won,orthodox,30,194.0,202.0,13.0,0.0,0.0,6.0,2.0,24.0,32.0,orthodox,208.0,194.0,38.0,6.0,1.0,30.0,lost,2.0,UD
23,Kubrat Pulev,Yaroslav Zavorotnyi,won,orthodox,29,194.0,202.0,10.0,0.0,0.0,5.0,2.0,24.0,36.0,orthodox,191.0,193.0,14.0,5.0,0.0,12.0,lost,8.0,UD
24,nan,nan,nan,nan,0,3.76724137931034,3.76724137931034,3.76724137931034,3.76724137931034,3.76724137931034,,3.76724137931034,3.76724137931034,,nan,3.76724137931034,3.76724137931034,3.76724137931034,3.76724137931034,3.76724137931034,,nan,3.76724137931034,nan
25,Kubrat Pulev,Samuel Peter,won,orthodox,35,194.0,202.0,23.0,1.0,0.0,12.0,2.0,7.0,36.0,orthodox,196.0,188.0,36.0,5.0,0.0,29.0,lost,3.0,RTD
26,Kubrat Pulev,Dominick Guinn,won,orthodox,29,194.0,202.0,8.0,0.0,0.0,5.0,2.0,8.0,35.0,orthodox,198.0,188.0,33.0,6.0,1.0,22.0,lost,8.0,UD
27,Kubrat Pulev,Hughie Fury,won,orthodox,37,194.0,202.0,25.0,1.0,0.0,13.0,2.0,11.0,24.0,orthodox,203.0,198.0,21.0,1.0,0.0,11.0,lost,2.0,UD
28,Kubrat Pulev,Rydell Booker,won,orthodox,38,194.0,202.0,27.0,1.0,0.0,14.0,2.0,6.0,38.0,orthodox,201.0,191.0,26.0,2.0,0.0,13.0,lost,0.0,UD
29,Kubrat Pulev,Serdar Uysal,won,orthodox,28,194.0,202.0,1.0,0.0,0.0,1.0,2.0,24.0,38.0,southpaw,199.414634146341,,9.0,8.0,2.0,4.0,lost,4.0,KO/TKO
30,Tyson Fury,John McDermott,won,orthodox,21,206.0,216.0,10.0,0.0,0.0,8.0,1.0,24.0,30.0,orthodox,199.414634146341,191.0,25.0,6.0,0.0,16.0,lost,9.0,KO/TKO
31,Tyson Fury,Rich Power,won,orthodox,22,206.0,216.0,11.0,0.0,0.0,9.0,1.0,24.0,30.0,nan,199.414634146341,,12.0,0.0,0.0,9.0,lost,8.0,Unknown
32,Tyson Fury,Scott Belshaw,won,orthodox,20,206.0,216.0,5.0,0.0,0.0,5.0,1.0,24.0,23.0,orthodox,199.414634146341,201.0,10.0,1.0,0.0,7.0,lost,2.0,KO/TKO
33,Tyson Fury,Hans-Joerg Blasko,won,orthodox,21,206.0,216.0,9.0,0.0,0.0,7.0,1.0,24.0,36.0,orthodox,199.414634146341,195.0,9.0,3.0,0.0,6.0,lost,1.0,KO/TKO
34,Tyson Fury,Steve Cunningham,won,orthodox,24,206.0,216.0,20.0,0.0,0.0,14.0,1.0,24.0,36.0,orthodox,208.0,190.0,25.0,5.0,0.0,12.0,lost,7.0,KO/TKO
35,Tyson Fury,Christian Hammer,won,orthodox,26,206.0,216.0,23.0,0.0,0.0,17.0,1.0,17.0,27.0,orthodox,198.0,189.0,17.0,3.0,0.0,10.0,lost,8.0,RTD
36,Tyson Fury,Neven Pajkic,won,orthodox,23,206.0,216.0,16.0,0.0,0.0,11.0,1.0,24.0,34.0,orthodox,199.414634146341,191.0,16.0,0.0,0.0,5.0,lost,3.0,KO/TKO
37,nan,nan,nan,nan,0,3.76724137931034,3.76724137931034,3.76724137931034,3.76724137931034,3.76724137931034,,3.76724137931034,3.76724137931034,,nan,3.76724137931034,3.76724137931034,3.76724137931034,3.76724137931034,3.76724137931034,,nan,3.76724137931034,nan
38,nan,nan,nan,nan,0,3.76724137931034,3.76724137931034,3.76724137931034,3.76724137931034,3.76724137931034,,3.76724137931034,3.76724137931034,,nan,3.76724137931034,3.76724137931034,3.76724137931034,3.76724137931034,3.76724137931034,,nan,3.76724137931034,nan
39,Tyson Fury,Mathew Ellis,won,orthodox,20,206.0,216.0,4.0,0.0,0.0,4.0,1.0,24.0,35.0,orthodox,199.414634146341,182.0,20.0,6.0,1.0,9.0,lost,1.0,KO/TKO
40,Tyson Fury,Otto Wallin,won,orthodox,31,206.0,216.0,28.0,0.0,1.0,20.0,1.0,18.0,28.0,southpaw,198.0,197.0,20.0,0.0,0.0,13.0,lost,2.0,UD
41,Tyson Fury,Bela Gyongyosi,won,orthodox,20,206.0,216.0,0.0,0.0,0.0,0.0,1.0,24.0,22.0,southpaw,199.414634146341,192.0,3.0,9.0,2.0,1.0,lost,1.0,KO/TKO
42,Tyson Fury,Tomas Mrazek,won,orthodox,21,206.0,216.0,8.0,0.0,0.0,7.0,1.0,21.0,28.0,southpaw,199.414634146341,,4.0,22.0,5.0,3.0,lost,6.0,Unknown
43,Tyson Fury,Sefer Seferi,won,orthodox,29,206.0,216.0,25.0,0.0,0.0,18.0,1.0,20.0,39.0,orthodox,199.414634146341,,23.0,1.0,0.0,21.0,lost,4.0,RTD
44,Tyson Fury,Marcelo Nascimento,won,orthodox,22,206.0,216.0,13.0,0.0,0.0,9.0,1.0,10.0,30.0,orthodox,199.414634146341,196.0,13.0,0.0,0.0,11.0,lost,5.0,KO/TKO
45,Tyson Fury,Kevin Johnson,won,orthodox,24,206.0,216.0,19.0,0.0,0.0,14.0,1.0,23.0,33.0,orthodox,208.0,191.0,28.0,2.0,1.0,13.0,lost,2.0,UD
46,Tyson Fury,Nicolai Firtha,won,orthodox,23,206.0,216.0,15.0,0.0,0.0,10.0,1.0,24.0,32.0,orthodox,199.414634146341,198.0,20.0,8.0,1.0,8.0,lost,5.0,KO/TKO
47,Tyson Fury,Tom Schwarz,won,orthodox,30,206.0,216.0,27.0,0.0,1.0,19.0,1.0,13.0,25.0,orthodox,199.414634146341,197.0,24.0,0.0,0.0,16.0,lost,2.0,KO/TKO
48,Tyson Fury,Francesco Pianeta,won,orthodox,30,206.0,216.0,26.0,0.0,0.0,19.0,1.0,24.0,33.0,southpaw,203.0,196.0,35.0,4.0,1.0,21.0,lost,0.0,Unknown
49,Tyson Fury,Daniil Peretyatko,won,orthodox,20,206.0,216.0,2.0,0.0,0.0,2.0,1.0,24.0,35.0,orthodox,199.414634146341,183.0,15.0,20.0,0.0,6.0,lost,2.0,RTD
50,Tyson Fury,Lee Swaby,won,orthodox,20,206.0,216.0,3.0,0.0,0.0,3.0,1.0,24.0,32.0,southpaw,199.414634146341,188.0,23.0,22.0,2.0,11.0,lost,4.0,RTD
51,Tyson Fury,Joey Abell,won,orthodox,25,206.0,216.0,21.0,0.0,0.0,15.0,1.0,4.0,32.0,southpaw,193.0,193.0,29.0,7.0,0.0,28.0,lost,4.0,KO/TKO
52,Tyson Fury,Marcel Zeller,won,orthodox,20,206.0,216.0,1.0,0.0,0.0,1.0,1.0,24.0,35.0,orthodox,199.414634146341,185.0,21.0,3.0,0.0,20.0,lost,3.0,KO/TKO
53,Tyson Fury,Martin Rogan,won,orthodox,23,206.0,216.0,17.0,0.0,0.0,12.0,1.0,24.0,40.0,orthodox,199.414634146341,191.0,14.0,2.0,0.0,7.0,lost,5.0,KO/TKO
54,nan,nan,nan,nan,0,3.76724137931034,3.76724137931034,3.76724137931034,3.76724137931034,3.76724137931034,,3.76724137931034,3.76724137931034,,nan,3.76724137931034,3.76724137931034,3.76724137931034,3.76724137931034,3.76724137931034,,nan,3.76724137931034,nan
55,nan,nan,nan,nan,0,3.76724137931034,3.76724137931034,3.76724137931034,3.76724137931034,3.76724137931034,,3.76724137931034,3.76724137931034,,nan,3.76724137931034,3.76724137931034,3.76724137931034,3.76724137931034,3.76724137931034,,nan,3.76724137931034,nan
56,Tyson Fury,Aleksandrs Selezens,won,orthodox,20,206.0,216.0,6.0,0.0,0.0,6.0,1.0,24.0,29.0,orthodox,199.414634146341,188.0,3.0,6.0,0.0,1.0,lost,3.0,KO/TKO
57,Tyson Fury,Zack Page,won,orthodox,22,206.0,216.0,12.0,0.0,0.0,9.0,1.0,24.0,37.0,orthodox,199.414634146341,183.0,21.0,32.0,2.0,7.0,lost,8.0,UD
58,nan,nan,nan,nan,0,3.76724137931034,3.76724137931034,3.76724137931034,3.76724137931034,3.76724137931034,,3.76724137931034,3.76724137931034,,nan,3.76724137931034,3.76724137931034,3.76724137931034,3.76724137931034,3.76724137931034,,nan,3.76724137931034,nan
59,Tyson Fury,Vinny Maddalone,won,orthodox,23,206.0,216.0,18.0,0.0,0.0,13.0,1.0,24.0,38.0,orthodox,199.414634146341,188.0,35.0,7.0,0.0,26.0,lost,5.0,KO/TKO
60,Wladimir Klitschko,James Pritchard,won,6' 6''   /   198cm,0,206.0,206.5,11.0,0.0,0.0,,6.0,24.0,,6' 0''   /   183cm,199.414634146341,188.0,30.0,16.0,2.0,,lost,3.0,KO/TKO
61,Wladimir Klitschko,David Haye,won,orthodox,35,198.0,206.0,55.0,3.0,0.0,48.0,6.0,24.0,30.0,orthodox,198.0,191.0,25.0,1.0,0.0,23.0,lost,2.0,UD
62,Wladimir Klitschko,Jameel McCline,won,orthodox,26,198.0,206.0,39.0,1.0,0.0,35.0,6.0,24.0,32.0,orthodox,208.0,198.0,28.0,2.0,3.0,16.0,lost,0.0,RTD
63,Wladimir Klitschko,Alexander Povetkin,won,orthodox,37,198.0,206.0,60.0,3.0,0.0,51.0,6.0,16.0,34.0,orthodox,191.0,188.0,26.0,0.0,0.0,18.0,lost,2.0,UD
64,Wladimir Klitschko,Francesco Pianeta,won,orthodox,37,198.0,206.0,59.0,3.0,0.0,50.0,6.0,24.0,28.0,southpaw,203.0,196.0,28.0,0.0,1.0,15.0,lost,6.0,KO/TKO
65,Wladimir Klitschko,Bryant Jennings,won,orthodox,39,198.0,206.0,63.0,3.0,0.0,53.0,6.0,9.0,30.0,orthodox,213.0,191.0,19.0,0.0,0.0,10.0,lost,2.0,UD
66,Wladimir Klitschko,Monte Barrett,won,orthodox,24,198.0,206.0,33.0,1.0,0.0,30.0,6.0,24.0,29.0,orthodox,198.0,191.0,23.0,1.0,0.0,14.0,lost,7.0,KO/TKO
67,Wladimir Klitschko,Carlos Monroe,won,orthodox,22,198.0,206.0,20.0,0.0,0.0,17.0,6.0,24.0,33.0,orthodox,204.0,198.0,11.0,6.0,0.0,7.0,lost,6.0,KO/TKO
68,Wladimir Klitschko,Sultan Ibragimov,won,orthodox,31,198.0,206.0,49.0,3.0,0.0,43.0,6.0,24.0,32.0,southpaw,193.0,188.0,22.0,0.0,1.0,17.0,lost,2.0,UD
69,Wladimir Klitschko,Jean Marc Mormeck,won,orthodox,35,198.0,206.0,56.0,3.0,0.0,48.0,6.0,24.0,39.0,orthodox,188.0,181.0,36.0,4.0,0.0,22.0,lost,4.0,KO/TKO
70,Wladimir Klitschko,Biko Botowamungu,won,orthodox,21,198.0,206.0,10.0,0.0,0.0,9.0,6.0,24.0,40.0,orthodox,193.0,190.0,9.0,5.0,1.0,9.0,lost,4.0,DQ
71,Wladimir Klitschko,Carlos Monroe,won,orthodox,20,198.0,206.0,4.0,0.0,0.0,4.0,6.0,24.0,32.0,orthodox,204.0,198.0,8.0,2.0,0.0,5.0,lost,6.0,DQ
72,nan,nan,nan,nan,0,3.76724137931034,3.76724137931034,3.76724137931034,3.76724137931034,3.76724137931034,,3.76724137931034,3.76724137931034,,nan,3.76724137931034,3.76724137931034,3.76724137931034,3.76724137931034,3.76724137931034,,nan,3.76724137931034,nan
73,Wladimir Klitschko,Jerry Halstead,won,6' 6''   /   198cm,0,206.0,206.5,13.0,0.0,0.0,,6.0,24.0,,6' 1''   /   185cm,199.414634146341,188.0,85.0,18.0,1.0,,lost,2.0,KO/TKO
74,Wladimir Klitschko,Kubrat Pulev,won,orthodox,38,198.0,206.0,62.0,3.0,0.0,52.0,6.0,2.0,33.0,orthodox,202.0,194.0,20.0,0.0,0.0,11.0,lost,5.0,KO/TKO
75,Wladimir Klitschko,Ray Mercer,won,orthodox,26,198.0,206.0,38.0,1.0,0.0,34.0,6.0,24.0,41.0,orthodox,196.0,185.0,30.0,4.0,1.0,22.0,lost,6.0,KO/TKO
76,Wladimir Klitschko,Samuel Peter,won,orthodox,29,198.0,206.0,44.0,3.0,0.0,39.0,6.0,7.0,25.0,orthodox,196.0,188.0,24.0,0.0,0.0,21.0,lost,2.0,UD
77,Wladimir Klitschko,Najee Shaheed,won,orthodox,22,198.0,206.0,19.0,0.0,0.0,16.0,6.0,24.0,30.0,southpaw,188.0,184.0,16.0,0.0,1.0,8.0,lost,1.0,KO/TKO
78,Wladimir Klitschko,Tony Thompson,won,orthodox,32,198.0,206.0,50.0,3.0,0.0,43.0,6.0,24.0,36.0,southpaw,207.0,196.0,31.0,1.0,0.0,19.0,lost,1.0,KO/TKO
79,nan,nan,nan,nan,0,3.76724137931034,3.76724137931034,3.76724137931034,3.76724137931034,3.76724137931034,,3.76724137931034,3.76724137931034,,nan,3.76724137931034,3.76724137931034,3.76724137931034,3.76724137931034,3.76724137931034,,nan,3.76724137931034,nan
80,Wladimir Klitschko,Axel Schulz,won,orthodox,23,198.0,206.0,28.0,1.0,0.0,25.0,6.0,24.0,30.0,orthodox,193.0,191.0,26.0,3.0,1.0,11.0,lost,8.0,KO/TKO
81,Wladimir Klitschko,Marcus McIntyre,won,orthodox,21,198.0,206.0,16.0,0.0,0.0,14.0,6.0,24.0,28.0,orthodox,196.0,193.0,15.0,1.0,0.0,8.0,lost,3.0,KO/TKO
82,Wladimir Klitschko,Gilberto Williamson,won,6' 6''   /   198cm,0,206.0,206.5,9.0,0.0,0.0,,6.0,24.0,,6' 3''   /   190cm,199.414634146341,188.0,4.0,2.0,3.0,,lost,3.0,KO/TKO
83,Wladimir Klitschko,Calvin Brock,won,orthodox,30,198.0,206.0,46.0,3.0,0.0,40.0,6.0,24.0,31.0,orthodox,196.0,188.0,29.0,0.0,0.0,22.0,lost,7.0,KO/TKO
84,Wladimir Klitschko,Eli Dixon,won,orthodox,22,198.0,206.0,22.0,0.0,0.0,19.0,6.0,24.0,32.0,orthodox,201.0,188.0,21.0,4.0,1.0,14.0,lost,3.0,KO/TKO
85,Wladimir Klitschko,Exum Speight,won,6' 6''   /   198cm,0,206.0,206.5,1.0,0.0,0.0,,6.0,24.0,,6' 0''   /   183cm,199.414634146341,180.0,8.0,30.0,2.0,,lost,2.0,KO/TKO
86,Wladimir Klitschko,Salvador Maciel,won,6' 6''   /   198cm,0,206.0,206.5,8.0,0.0,0.0,,6.0,24.0,,6' 2''   /   188cm,199.414634146341,183.0,21.0,11.0,0.0,,lost,1.0,KO/TKO
87,nan,nan,nan,nan,0,3.76724137931034,3.76724137931034,3.76724137931034,3.76724137931034,3.76724137931034,,3.76724137931034,3.76724137931034,,nan,3.76724137931034,3.76724137931034,3.76724137931034,3.76724137931034,3.76724137931034,,nan,3.76724137931034,nan
88,Wladimir Klitschko,Mark Young,won,6' 6''   /   198cm,0,206.0,206.5,5.0,0.0,0.0,,6.0,24.0,,6' 1''   /   185cm,199.414634146341,183.0,15.0,33.0,1.0,,lost,2.0,RTD
89,Wladimir Klitschko,Derrick Jefferson,won,orthodox,24,198.0,206.0,35.0,1.0,0.0,31.0,6.0,24.0,33.0,orthodox,208.0,198.0,23.0,2.0,1.0,19.0,lost,2.0,KO/TKO
90,Wladimir Klitschko,Eliseo Castillo,won,orthodox,29,198.0,206.0,43.0,3.0,0.0,38.0,6.0,24.0,29.0,orthodox,199.414634146341,188.0,18.0,0.0,1.0,14.0,lost,4.0,KO/TKO
91,Wladimir Klitschko,Eddie Chambers,won,orthodox,33,198.0,206.0,53.0,3.0,0.0,46.0,6.0,24.0,27.0,orthodox,191.0,185.0,35.0,1.0,0.0,18.0,lost,2.0,KO/TKO
92,Wladimir Klitschko,Derrick Lampkins,won,6' 6''   /   198cm,0,206.0,206.5,15.0,0.0,0.0,,6.0,24.0,,6' 5''   /   196cm,199.414634146341,198.0,9.0,3.0,1.0,,lost,1.0,KO/TKO
93,Wladimir Klitschko,Frans Botha,won,orthodox,25,198.0,206.0,37.0,1.0,0.0,33.0,6.0,24.0,33.0,orthodox,188.0,188.0,44.0,3.0,1.0,28.0,lost,8.0,KO/TKO
94,Wladimir Klitschko,Donnell Wingfield,won,6' 6''   /   198cm,0,206.0,206.5,23.0,0.0,0.0,,6.0,24.0,,6' 1''   /   185cm,199.414634146341,185.0,29.0,9.0,1.0,,lost,1.0,KO/TKO
95,Wladimir Klitschko,Phil Jackson,won,orthodox,23,198.0,206.0,29.0,1.0,0.0,26.0,6.0,24.0,35.0,orthodox,201.0,185.0,43.0,8.0,0.0,39.0,lost,2.0,KO/TKO
96,Wladimir Klitschko,Ladislav Husarik,won,6' 6''   /   198cm,0,206.0,206.5,14.0,0.0,0.0,,6.0,24.0,,nan,199.414634146341,,4.0,13.0,1.0,,lost,3.0,KO/TKO
97,Wladimir Klitschko,Alex Leapai,won,orthodox,38,198.0,206.0,61.0,3.0,0.0,51.0,6.0,5.0,34.0,orthodox,190.0,183.0,30.0,4.0,3.0,24.0,lost,5.0,KO/TKO
98,Wladimir Klitschko,Mariusz Wach,won,orthodox,36,198.0,206.0,58.0,3.0,0.0,50.0,6.0,15.0,32.0,orthodox,208.0,202.0,27.0,0.0,0.0,15.0,lost,2.0,UD
99,nan,nan,nan,nan,0,3.76724137931034,3.76724137931034,3.76724137931034,3.76724137931034,3.76724137931034,,3.76724137931034,3.76724137931034,,nan,3.76724137931034,3.76724137931034,3.76724137931034,3.76724137931034,3.76724137931034,,nan,3.76724137931034,nan
100,Wladimir Klitschko,Everett Martin,won,orthodox,23,198.0,206.0,25.0,1.0,0.0,22.0,6.0,24.0,34.0,orthodox,183.0,182.0,20.0,29.0,1.0,9.0,lost,8.0,KO/TKO
101,Wladimir Klitschko,Tony Thompson,won,orthodox,36,198.0,206.0,57.0,3.0,0.0,49.0,6.0,24.0,40.0,southpaw,207.0,196.0,36.0,2.0,0.0,24.0,lost,6.0,KO/TKO
102,Wladimir Klitschko,Steve Pannell,won,orthodox,22,198.0,206.0,21.0,0.0,0.0,18.0,6.0,24.0,31.0,orthodox,193.0,193.0,33.0,4.0,0.0,27.0,lost,2.0,KO/TKO
103,Wladimir Klitschko,Fabian Meza,won,orthodox,20,198.0,206.0,0.0,0.0,0.0,0.0,6.0,24.0,27.0,orthodox,188.0,187.0,4.0,1.0,1.0,1.0,lost,1.0,KO/TKO
104,Lamon Brewster,Wladimir Klitschko,won,orthodox,30,188.0,196.0,29.0,2.0,0.0,26.0,6.0,24.0,28.0,orthodox,206.0,198.0,42.0,2.0,0.0,38.0,lost,5.0,KO/TKO
105,Wladimir Klitschko,Marcos Gonzalez,won,6' 6''   /   198cm,0,206.0,206.5,12.0,0.0,0.0,,6.0,24.0,,6' 1''   /   185cm,199.414634146341,188.0,18.0,11.0,1.0,,lost,2.0,KO/TKO
106,Wladimir Klitschko,Troy Weida,won,orthodox,20,198.0,206.0,3.0,0.0,0.0,3.0,6.0,24.0,24.0,orthodox,191.0,191.0,6.0,1.0,1.0,6.0,lost,3.0,KO/TKO
107,Wladimir Klitschko,Lajos Eros,won,orthodox,23,198.0,206.0,30.0,1.0,0.0,27.0,6.0,24.0,35.0,orthodox,188.0,187.0,21.0,8.0,1.0,11.0,lost,2.0,KO/TKO
108,Corrie Sanders,Wladimir Klitschko,won,southpaw,37,193.0,196.0,38.0,2.0,0.0,28.0,6.0,24.0,26.0,orthodox,206.0,198.0,40.0,1.0,0.0,36.0,lost,2.0,KO/TKO
109,Wladimir Klitschko,Bill Corrigan,won,orthodox,20,198.0,206.0,2.0,0.0,0.0,2.0,6.0,24.0,33.0,orthodox,193.0,193.0,10.0,12.0,1.0,7.0,lost,1.0,KO/TKO
110,Wladimir Klitschko,Fabio Eduardo Moli,won,orthodox,27,198.0,206.0,40.0,2.0,0.0,36.0,6.0,24.0,34.0,orthodox,199.414634146341,194.0,29.0,2.0,0.0,17.0,lost,1.0,KO/TKO
111,Wladimir Klitschko,DaVarryl Williamson,won,orthodox,28,198.0,206.0,42.0,3.0,0.0,38.0,6.0,24.0,36.0,orthodox,203.0,193.0,20.0,2.0,0.0,17.0,lost,5.0,Unknown
112,Wladimir Klitschko,Danell Nicholson,won,orthodox,27,198.0,206.0,41.0,2.0,0.0,37.0,6.0,24.0,36.0,orthodox,203.0,193.0,42.0,4.0,0.0,32.0,lost,4.0,KO/TKO
113,Wladimir Klitschko,Tony LaRosa,won,orthodox,23,198.0,206.0,26.0,1.0,0.0,23.0,6.0,24.0,31.0,orthodox,183.0,178.0,31.0,15.0,0.0,18.0,lost,1.0,KO/TKO
114,Wladimir Klitschko,Cody Koch,won,orthodox,22,198.0,206.0,18.0,0.0,0.0,15.0,6.0,24.0,25.0,southpaw,188.0,188.0,25.0,1.0,0.0,21.0,lost,4.0,KO/TKO
115,Wladimir Klitschko,Ray Austin,won,orthodox,30,198.0,206.0,47.0,3.0,0.0,41.0,6.0,12.0,36.0,orthodox,203.0,198.0,24.0,3.0,4.0,16.0,lost,2.0,KO/TKO
116,Wladimir Klitschko,Lamon Brewster,won,orthodox,31,198.0,206.0,48.0,3.0,0.0,42.0,6.0,24.0,34.0,orthodox,196.0,188.0,33.0,3.0,0.0,29.0,lost,6.0,RTD
117,Wladimir Klitschko,David Bostice,won,orthodox,24,198.0,206.0,32.0,1.0,0.0,29.0,6.0,24.0,28.0,orthodox,193.0,196.0,22.0,1.0,1.0,12.0,lost,2.0,KO/TKO
118,Wladimir Klitschko,Samuel Peter,won,orthodox,34,198.0,206.0,54.0,3.0,0.0,47.0,6.0,7.0,30.0,orthodox,196.0,188.0,34.0,3.0,0.0,27.0,lost,0.0,KO/TKO
119,Wladimir Klitschko,Chris Byrd,won,orthodox,24,198.0,206.0,34.0,1.0,0.0,31.0,6.0,24.0,30.0,southpaw,188.0,188.0,31.0,1.0,0.0,19.0,lost,2.0,UD
120,Wladimir Klitschko,Charles Shufford,won,orthodox,25,198.0,206.0,36.0,1.0,0.0,32.0,6.0,24.0,28.0,orthodox,203.0,191.0,17.0,1.0,0.0,9.0,lost,6.0,KO/TKO
121,Wladimir Klitschko,Mark Wills,won,orthodox,21,198.0,206.0,6.0,0.0,0.0,5.0,6.0,24.0,36.0,orthodox,188.0,185.0,14.0,17.0,1.0,9.0,lost,1.0,KO/TKO
122,Wladimir Klitschko,Hasim Rahman,won,orthodox,32,198.0,206.0,51.0,3.0,0.0,44.0,6.0,24.0,36.0,orthodox,208.0,189.0,45.0,6.0,2.0,36.0,lost,7.0,KO/TKO
123,Wladimir Klitschko,Zoran Vujicic,won,orthodox,22,198.0,206.0,24.0,1.0,0.0,21.0,6.0,24.0,37.0,orthodox,198.0,193.0,14.0,0.0,0.0,6.0,lost,1.0,KO/TKO
124,Wladimir Klitschko,Paul Ashley,won,6' 6''   /   198cm,0,206.0,206.5,7.0,0.0,0.0,,6.0,24.0,,6' 0''   /   183cm,199.414634146341,183.0,4.0,2.0,1.0,,lost,2.0,KO/TKO
125,Wladimir Klitschko,Everett Martin,won,6' 6''   /   198cm,0,206.0,206.5,17.0,0.0,0.0,,6.0,24.0,,5' 11 1/2''   /   182cm,199.414634146341,183.0,20.0,21.0,1.0,,lost,8.0,UD
126,Wladimir Klitschko,Joseph Chingangu,won,orthodox,23,198.0,206.0,27.0,1.0,0.0,24.0,6.0,24.0,32.0,southpaw,198.0,192.0,18.0,4.0,0.0,13.0,lost,4.0,RTD
127,Wladimir Klitschko,Ruslan Chagaev,won,orthodox,33,198.0,206.0,52.0,3.0,0.0,45.0,6.0,24.0,30.0,southpaw,188.0,185.0,25.0,0.0,1.0,17.0,lost,9.0,RTD
